{"assets/demo.webp":["assets/demo.webp"],"assets/demo_dark.webp":["assets/demo_dark.webp"],"good_job_news/assets/app_widget.webp":["good_job_news/assets/app_widget.webp"],"good_job_news/assets/beta_testing.webp":["good_job_news/assets/beta_testing.webp"],"good_job_news/assets/change_period.webp":["good_job_news/assets/change_period.webp"],"good_job_news/assets/change_start_date.webp":["good_job_news/assets/change_start_date.webp"],"good_job_news/assets/color_scheme.webp":["good_job_news/assets/color_scheme.webp"],"good_job_news/assets/demo_web_site.webp":["good_job_news/assets/demo_web_site.webp"],"good_job_news/assets/dense_habits.webp":["good_job_news/assets/dense_habits.webp"],"good_job_news/assets/disabling_notifications.webp":["good_job_news/assets/disabling_notifications.webp"],"good_job_news/assets/dump.gif":["good_job_news/assets/dump.gif"],"good_job_news/assets/expand_habit.gif":["good_job_news/assets/expand_habit.gif"],"good_job_news/assets/flexible_periodicity.gif":["good_job_news/assets/flexible_periodicity.gif"],"good_job_news/assets/future_habits.webp":["good_job_news/assets/future_habits.webp"],"good_job_news/assets/habit_scrips.webp":["good_job_news/assets/habit_scrips.webp"],"good_job_news/assets/half_year.webp":["good_job_news/assets/half_year.webp"],"good_job_news/assets/hiden_motivational_phrase.webp":["good_job_news/assets/hiden_motivational_phrase.webp"],"good_job_news/assets/instagram.webp":["good_job_news/assets/instagram.webp"],"good_job_news/assets/letters_21.webp":["good_job_news/assets/letters_21.webp"],"good_job_news/assets/linux.webp":["good_job_news/assets/linux.webp"],"good_job_news/assets/max_progress.webp":["good_job_news/assets/max_progress.webp"],"good_job_news/assets/max_progress_2.webp":["good_job_news/assets/max_progress_2.webp"],"good_job_news/assets/monochrome_background.webp":["good_job_news/assets/monochrome_background.webp"],"good_job_news/assets/notification_action.webp":["good_job_news/assets/notification_action.webp"],"good_job_news/assets/pdf_tracker.png":["good_job_news/assets/pdf_tracker.png"],"good_job_news/assets/period_dows.webp":["good_job_news/assets/period_dows.webp"],"good_job_news/assets/periodicity.webp":["good_job_news/assets/periodicity.webp"],"good_job_news/assets/rainbow_gradient.webp":["good_job_news/assets/rainbow_gradient.webp"],"good_job_news/assets/reminders.webp":["good_job_news/assets/reminders.webp"],"good_job_news/assets/reordering.webp":["good_job_news/assets/reordering.webp"],"good_job_news/assets/set_of_reading_people.webp":["good_job_news/assets/set_of_reading_people.webp"],"good_job_news/assets/skip_days.webp":["good_job_news/assets/skip_days.webp"],"good_job_news/assets/steps_count.webp":["good_job_news/assets/steps_count.webp"],"good_job_news/assets/stories.png":["good_job_news/assets/stories.png"],"good_job_news/assets/telegram.webp":["good_job_news/assets/telegram.webp"],"good_job_news/assets/web_site.webp":["good_job_news/assets/web_site.webp"],"good_job_news/assets/windows.webp":["good_job_news/assets/windows.webp"],"good_job_utils/assets/AnotherIcons.ttf":["good_job_utils/assets/AnotherIcons.ttf"],"good_job_utils/assets/google_sans.ttf":["good_job_utils/assets/google_sans.ttf"]}